<?xml version="1.0" encoding="UTF-8"?>
<project-private xmlns="http://www.netbeans.org/ns/project-private/1">
    <editor-bookmarks xmlns="http://www.netbeans.org/ns/editor-bookmarks/2" lastBookmarkId="0"/>
    <open-files xmlns="http://www.netbeans.org/ns/projectui-open-files/2">
        <group>
            <file>file:/C:/Users/USER%20EBC/Downloads/Login-SignUp-java-gui-main/src/loginandsignup/LoginAndSignUp.java</file>
            <file>file:/C:/Users/USER%20EBC/Downloads/Login-SignUp-java-gui-main/src/loginandsignup/cust.java</file>
            <file>file:/C:/Users/USER%20EBC/Downloads/Login-SignUp-java-gui-main/src/loginandsignup/jTable1.java</file>
            <file>file:/C:/Users/USER%20EBC/Downloads/Login-SignUp-java-gui-main/src/loginandsignup/signup1.java</file>
            <file>file:/C:/Users/USER%20EBC/Downloads/Login-SignUp-java-gui-main/src/loginandsignup/adminn.java</file>
            <file>file:/C:/Users/USER%20EBC/Downloads/Login-SignUp-java-gui-main/src/loginandsignup/koneksi.java</file>
            <file>file:/C:/Users/USER%20EBC/Downloads/Login-SignUp-java-gui-main/src/loginandsignup/Login.java</file>
            <file>file:/C:/Users/USER%20EBC/Downloads/Login-SignUp-java-gui-main/src/loginandsignup/loginn.java</file>
        </group>
    </open-files>
</project-private>
